Reference,Deadline,Postpone,Name,Surname,Email,Country,Ticket
REF123,,,John,Doe,john@gmail.com,United States,I encountered an error while submitting the application. Need assistance.
REF124,,,Jane,Smith,jane@yahoo.com,Canada,Experiencing technical issues with the application process. Requesting help.
REF125,,,Michael,Johnson,michael@hotmail.co.uk,United Kingdom,Received an application error message when trying to proceed. Seeking resolution.
REF126,,,Amy,Williams,amy@example.net,United States,Having trouble uploading necessary documents. Application progress impeded.
REF127,,,David,Lee,david@outlook.com,United States,Encountered a technical problem right after payment. Unable to proceed further.
REF128,,,Emily,Brown,emily@gmail.com,Canada,Application form abruptly crashed while entering information. Need help to continue.
REF129,,,James,Miller,james@yahoo.co.uk,United Kingdom,Seeing an error every time I try to save my profile information. Assistance required.
REF130,,,Sarah,Clark,sarah@outlook.com,United States,Received a '502 Bad Gateway' error when trying to review my application. What should I do?
REF131,,,Liam,Wilson,liam@gmail.com,Canada,Application process seemed fine until I tried to submit. Now I keep getting an error.
REF132,,,Olivia,Smith,olivia@yahoo.com,United Kingdom,Error message saying 'An unexpected issue occurred.' Stuck and can't proceed.
REF133,,,John,Doe,john@gmail.com,United States,I encountered an error while submitting the application. Need assistance.
REF134,,,Jane,Smith,jane@yahoo.com,Canada,Experiencing technical issues with the application process. Requesting help.
REF135,,,Michael,Johnson,michael@hotmail.co.uk,United Kingdom,Received an application error message when trying to proceed. Seeking resolution.
REF136,,,Amy,Williams,amy@example.net,United States,Having trouble uploading necessary documents. Application progress impeded.
REF137,,,David,Lee,david@outlook.com,United States,Encountered a technical problem right after payment. Unable to proceed further.
REF138,,,Emily,Brown,emily@gmail.com,Canada,Application form abruptly crashed while entering information. Need help to continue.
REF139,,,James,Miller,james@yahoo.co.uk,United Kingdom,Seeing an error every time I try to save my profile information. Assistance required.
REF140,,,Sarah,Clark,sarah@outlook.com,United States,Received a '502 Bad Gateway' error when trying to review my application. What should I do?
REF141,,,Liam,Wilson,liam@gmail.com,Canada,Application process seemed fine until I tried to submit. Now I keep getting an error.
REF142,,,Olivia,Smith,olivia@yahoo.com,United Kingdom,Error message saying 'An unexpected issue occurred.' Stuck and can't proceed.
REF143,,,John,Doe,john@gmail.com,United States,I encountered an error while submitting the application. Need assistance.
REF144,,,Jane,Smith,jane@yahoo.com,Canada,Experiencing technical issues with the application process. Requesting help.
REF145,,,Michael,Johnson,michael@hotmail.co.uk,United Kingdom,Received an application error message when trying to proceed. Seeking resolution.
REF146,,,Amy,Williams,amy@example.net,United States,Having trouble uploading necessary documents. Application progress impeded.
REF147,,,David,Lee,david@outlook.com,United States,Encountered a technical problem right after payment. Unable to proceed further.
REF148,,,Emily,Brown,emily@gmail.com,Canada,Application form abruptly crashed while entering information. Need help to continue.
REF149,,,James,Miller,james@yahoo.co.uk,United Kingdom,Seeing an error every time I try to save my profile information. Assistance required.
REF150,,,Sarah,Clark,sarah@outlook.com,United States,Received a '502 Bad Gateway' error when trying to review my application. What should I do?
REF151,,,Liam,Wilson,liam@gmail.com,Canada,Application process seemed fine until I tried to submit. Now I keep getting an error.
REF152,,,Olivia,Smith,olivia@yahoo.com,United Kingdom,Error message saying 'An unexpected issue occurred.' Stuck and can't proceed.
REF153,,,John,Doe,john@gmail.com,United States,I encountered an error while submitting the application. Need assistance.
REF154,,,Jane,Smith,jane@yahoo.com,Canada,Experiencing technical issues with the application process. Requesting help.
REF155,,,Michael,Johnson,michael@hotmail.co.uk,United Kingdom,Received an application error message when trying to proceed. Seeking resolution.
REF156,,,Amy,Williams,amy@example.net,United States,Having trouble uploading necessary documents. Application progress impeded.
REF157,,,David,Lee,david@outlook.com,United States,Encountered a technical problem right after payment. Unable to proceed further.
REF158,,,Emily,Brown,emily@gmail.com,Canada,Application form abruptly crashed while entering information. Need help to continue.
REF159,,,James,Miller,james@yahoo.co.uk,United Kingdom,Seeing an error every time I try to save my profile information. Assistance required.
REF160,,,Sarah,Clark,sarah@outlook.com,United States,Received a '502 Bad Gateway' error when trying to review my application. What should I do?
REF161,,,Liam,Wilson,liam@gmail.com,Canada,Application process seemed fine until I tried to submit. Now I keep getting an error.
REF162,,,Olivia,Smith,olivia@yahoo.com,United Kingdom,Error message saying 'An unexpected issue occurred.' Stuck and can't proceed.
REF163,,,John,Doe,john@gmail.com,United States,I encountered an error while submitting the application. Need assistance.
REF164,,,Jane,Smith,jane@yahoo.com,Canada,Experiencing technical issues with the application process. Requesting help.
REF165,,,Michael,Johnson,michael@hotmail.co.uk,United Kingdom,Received an application error message when trying to proceed. Seeking resolution.
REF166,,,Amy,Williams,amy@example.net,United States,Having trouble uploading necessary documents. Application progress impeded.
REF167,,,David,Lee,david@outlook.com,United States,Encountered a technical problem right after payment. Unable to proceed further.
REF168,,,Emily,Brown,emily@gmail.com,Canada,Application form abruptly crashed while entering information. Need help to continue.
REF169,,,James,Miller,james@yahoo.co.uk,United Kingdom,Seeing an error every time I try to save my profile information. Assistance required.
REF170,,,Sarah,Clark,sarah@outlook.com,United States,Received a '502 Bad Gateway' error when trying to review my application. What should I do?
REF171,,,Liam,Wilson,liam@gmail.com,Canada,Application process seemed fine until I tried to submit. Now I keep getting an error.
REF172,,,Olivia,Smith,olivia@yahoo.com,United Kingdom,Error message saying 'An unexpected issue occurred.' Stuck and can't proceed.
REF173,,,John,Doe,john@gmail.com,United States,I encountered an error while submitting the application. Need assistance.
REF174,,,Jane,Smith,jane@yahoo.com,Canada,Experiencing technical issues with the application process. Requesting help.
REF175,,,Michael,Johnson,michael@hotmail.co.uk,United Kingdom,Received an application error message when trying to proceed. Seeking resolution.
REF176,,,Amy,Williams,amy@example.net,United States,Having trouble uploading necessary documents. Application progress impeded.
REF177,,,David,Lee,david@outlook.com,United States,Encountered a technical problem right after payment. Unable to proceed further.
REF178,,,Emily,Brown,emily@gmail.com,Canada,Application form abruptly crashed while entering information. Need help to continue.
REF179,,,James,Miller,james@yahoo.co.uk,United Kingdom,Seeing an error every time I try to save my profile information. Assistance required.
REF180,,,Sarah,Clark,sarah@outlook.com,United States,Received a '502 Bad Gateway' error when trying to review my application. What should I do?
REF181,,,Liam,Wilson,liam@gmail.com,Canada,Application process seemed fine until I tried to submit. Now I keep getting an error.
REF182,,,Olivia,Smith,olivia@yahoo.com,United Kingdom,Error message saying 'An unexpected issue occurred.' Stuck and can't proceed.
REF183,,,John,Doe,john@gmail.com,United States,I encountered an error while submitting the application. Need assistance.
REF184,,,Jane,Smith,jane@yahoo.com,Canada,Experiencing technical issues with the application process. Requesting help.
REF185,,,Michael,Johnson,michael@hotmail.co.uk,United Kingdom,Received an application error message when trying to proceed. Seeking resolution.
REF186,,,Amy,Williams,amy@example.net,United States,Having trouble uploading necessary documents. Application progress impeded.
REF187,,,David,Lee,david@outlook.com,United States,Encountered a technical problem right after payment. Unable to proceed further.
REF188,,,Emily,Brown,emily@gmail.com,Canada,Application form abruptly crashed while entering information. Need help to continue.
REF189,,,James,Miller,james@yahoo.co.uk,United Kingdom,Seeing an error every time I try to save my profile information. Assistance required.
REF190,,,Sarah,Clark,sarah@outlook.com,United States,Received a '502 Bad Gateway' error when trying to review my application. What should I do?
REF191,,,Liam,Wilson,liam@gmail.com,Canada,Application process seemed fine until I tried to submit. Now I keep getting an error.
REF192,,,Olivia,Smith,olivia@yahoo.com,United Kingdom,Error message saying 'An unexpected issue occurred.' Stuck and can't proceed.
REF193,,,John,Doe,john@gmail.com,United States,I encountered an error while submitting the application. Need assistance.
REF194,,,Jane,Smith,jane@yahoo.com,Canada,Experiencing technical issues with the application process. Requesting help.
REF195,,,Michael,Johnson,michael@hotmail.co.uk,United Kingdom,Received an application error message when trying to proceed. Seeking resolution.
REF196,,,Amy,Williams,amy@example.net,United States,Having trouble uploading necessary documents. Application progress impeded.
REF197,,,David,Lee,david@outlook.com,United States,Encountered a technical problem right after payment. Unable to proceed further.
REF198,,,Emily,Brown,emily@gmail.com,Canada,Application form abruptly crashed while entering information. Need help to continue.
REF199,,,James,Miller,james@yahoo.co.uk,United Kingdom,Seeing an error every time I try to save my profile information. Assistance required.
REF200,,,Sarah,Clark,sarah@outlook.com,United States,Received a '502 Bad Gateway' error when trying to review my application. What should I do?
REF201,,,Liam,Wilson,liam@gmail.com,Canada,Application process seemed fine until I tried to submit. Now I keep getting an error.
REF202,,,Olivia,Smith,olivia@yahoo.com,United Kingdom,Error message saying 'An unexpected issue occurred.' Stuck and can't proceed.
REF203,,,John,Doe,john@gmail.com,United States,I encountered an error while submitting the application. Need assistance.
REF204,,,Jane,Smith,jane@yahoo.com,Canada,Experiencing technical issues with the application process. Requesting help.
REF205,,,Michael,Johnson,michael@hotmail.co.uk,United Kingdom,Received an application error message when trying to proceed. Seeking resolution.
REF206,,,Amy,Williams,amy@example.net,United States,Having trouble uploading necessary documents. Application progress impeded.
REF207,,,David,Lee,david@outlook.com,United States,Encountered a technical problem right after payment. Unable to proceed further.
REF208,,,Emily,Brown,emily@gmail.com,Canada,Application form abruptly crashed while entering information. Need help to continue.
REF209,,,James,Miller,james@yahoo.co.uk,United Kingdom,Seeing an error every time I try to save my profile information. Assistance required.
REF210,,,Sarah,Clark,sarah@outlook.com,United States,Received a '502 Bad Gateway' error when trying to review my application. What should I do?
REF211,,,Liam,Wilson,liam@gmail.com,Canada,Application process seemed fine until I tried to submit. Now I keep getting an error.
REF212,,,Olivia,Smith,olivia@yahoo.com,United Kingdom,Error message saying 'An unexpected issue occurred.' Stuck and can't proceed.
REF213,,,John,Doe,john@gmail.com,United States,I encountered an error while submitting the application. Need assistance.
REF214,,,Jane,Smith,jane@yahoo.com,Canada,Experiencing technical issues with the application process. Requesting help.
REF215,,,Michael,Johnson,michael@hotmail.co.uk,United Kingdom,Received an application error message when trying to proceed. Seeking resolution.
REF216,,,Amy,Williams,amy@example.net,United States,Having trouble uploading necessary documents. Application progress impeded.
REF217,,,David,Lee,david@outlook.com,United States,Encountered a technical problem right after payment. Unable to proceed further.
REF218,,,Emily,Brown,emily@gmail.com,Canada,Application form abruptly crashed while entering information. Need help to continue.
REF219,,,James,Miller,james@yahoo.co.uk,United Kingdom,Seeing an error every time I try to save my profile information. Assistance required.
REF220,,,Sarah,Clark,sarah@outlook.com,United States,Received a '502 Bad Gateway' error when trying to review my application. What should I do?
REF221,,,Liam,Wilson,liam@gmail.com,Canada,Application process seemed fine until I tried to submit. Now I keep getting an error.
REF222,,,Olivia,Smith,olivia@yahoo.com,United Kingdom,Error message saying 'An unexpected issue occurred.' Stuck and can't proceed.
